<root>
  <item name='io.netty.buffer.ByteBuf java.lang.String toString(int, int, java.nio.charset.Charset)'>
    <annotation name='org.jetbrains.annotations.NotNull'/>
  </item>
  <item name='io.netty.buffer.ByteBufAllocator io.netty.buffer.ByteBuf ioBuffer(int)'>
    <annotation name='org.jetbrains.annotations.NotNull'/>
  </item>
  <item name='io.netty.buffer.ByteBufAllocator io.netty.buffer.CompositeByteBuf compositeBuffer(int)'>
    <annotation name='org.jetbrains.annotations.NotNull'/>
  </item>
  <item name='io.netty.buffer.CompositeByteBuf io.netty.buffer.CompositeByteBuf addComponent(int, io.netty.buffer.ByteBuf)'>
    <annotation name='org.jetbrains.annotations.NotNull'/>
  </item>
</root>